question,query_entities,flat_backend,flat_answer,graphrag_answer,flat_score,graphrag_score,flat_hallucination,graphrag_hallucination,verdict,top_graph_edges
"Why did Tesla's Q1 2024 U.S. EV market share fall, and which brands grew more than 50% year over year?","Market share, Tesla, United States",chromadb-tfidf,"Tesla’s share of the electric vehicle market in Q1 2024 was 51.3%, down from 61.7% one year earlier. In Q1 2022, EV sales were higher by 81.2% year over year and 20.4% higher than the previous quarter. “Electric vehicle sales in the U.S. declined during Q1 2024 – the first quarter-over-quarter downturn since Q2 2020,” said Stephanie Valdez Streaty, director of Industry Insights at Cox Automotive. “As anticipated, Tesla’s sales took a hit, influencing the overall market dynamics. At Audi, Q1 EV sales grew 28.8% year over year. According to Kelley Blue Book estimates, Tesla sales in the U.S. were down 13.3% year over year – well below the typical double-digit growth that had become routine with the Tesla brand. Sources: doc_2.","Despite a slight decline from its 2022 market share of 65%, Tesla's aggressive price cuts throughout the year helped it maintain its leading position. Tesla’s share of the electric vehicle market in Q1 2024 was 51.3%, down from 61.7% one year earlier. Figure 4: Global market shares of top 10 PHEV manufacturers, year-end 2023[33] In terms of the Chinese NEV retail sales market specifically, BYD sold 2.76 million vehicles in 2023, followed by Tesla China with 603,664 vehicles sold and GAC Aion with 483,632. (See figure 5.) Overall, BYD accounted for 35 percent of Chinese NEV sales in 2023 and was the only manufacturer with a market share of more than 10 percent.[34] Figure 5: Top 10 manufacturers’ NEV retail sales in China, 2023[35] Likewise, Chinese enterprises dominate in the global share of EV battery manufacturing. BYD and Tesla’s rise as global front-runners has primarily dented the market share of major incumbents, which accounted for 55% of global electric car sales in 2015 but have been falling behind ever since. Sources: doc_30, doc_2, doc_43, doc_15.",0.75,0.75,False,False,Comparable,"Tesla -[HAS_MARKET_SHARE]-> metric:Tesla market share: 65%, 2022 | Market share -[CO_OCCURS_WITH]-> Tesla | BYD -[CO_OCCURS_WITH]-> Tesla | Tesla -[HAS_MARKET_SHARE]-> metric:Tesla market share: 51.3%, 61.7%, 2024"
"What Q3 2024 delivery and revenue results did VinFast report, and who backed its funding?",VinFast,chromadb-tfidf,"VinFast Secures Significant Funding VinFast has received financial backing from its founder and parent company. VinFast Reports Unaudited Third Quarter 2024 Financial Results Nov 26, 2024 ... 26, 2024 /PRNewswire/ -- VinFast Auto Ltd. (""VinFast"" or the ""Company"") (Nasdaq: VFS), a pure-play electric vehicle (""EV"") manufacturer with the mission of making EVs accessible to everyone, today announced its unaudited financial results for the third quarter ending September 30, 2024. In Indonesia, VinFast has initiated the delivery of its first right-hand drive VF e34 and VF 5, with a growing network of 17 dealerships spanning 15 cities as of October 31, 2024. Sources: doc_13.","VinFast reported strong third-quarter results, delivering 21,912 vehicles, a 115% year-over-year increase. In Indonesia, VinFast has initiated the delivery of its first right-hand drive VF e34 and VF 5, with a growing network of 17 dealerships spanning 15 cities as of October 31, 2024. Building on the strong momentum from the third quarter, particularly in key markets like Vietnam and North America, VinFast is reiterating its annual delivery target of 80,000 vehicles. The Vietnamese Market Significantly Contributes to Revenue Growth In September, VinFast recorded robust monthly deliveries in its home market of Vietnam, firmly positioning VinFast as the top-selling car brand in Vietnam for the month. Sources: doc_13.",0.75,0.75,False,False,Comparable,"VinFast -[HAS_FUNDING]-> metric:VinFast funding: $3.5 billion, 115%, 49.3% | VinFast -[DELIVERED]-> metric:VinFast deliveries: 115%, 21,912, 115 | VinFast -[DELIVERED]-> metric:VinFast deliveries: $3.5 billion, 115%, 49.3% | VinFast -[REPORTED_REVENUE]-> metric:VinFast revenue: $3.5 billion, 115%, 49.3%"
How are ZEV regulations linked to U.S. EV sales share and model availability?,"ZEV regulations, EV sales, United States",chromadb-tfidf,"The analysis finds that regulations that require greater electric vehicle model availability are essential to market growth. States with zero-emission vehicle (ZEV) regulations had a combined new electric vehicle share of 5% and typically at least 13 more electric models available than states without such regulations, which had a 1.3% average electric vehicle share. States with ZEV regulations were responsible for about two-thirds of 2020 U.S. electric vehicle sales and less than one-third of overall light-duty vehicle sales. Cadillac achieved a 499.2% year-over-year increase in electric vehicle sales due to robust sales of its Lyriq model. Sources: doc_1, doc_2.","States with zero-emission vehicle (ZEV) regulations had a combined new electric vehicle share of 5% and typically at least 13 more electric models available than states without such regulations, which had a 1.3% average electric vehicle share. States with ZEV regulations were responsible for about two-thirds of 2020 U.S. electric vehicle sales and less than one-third of overall light-duty vehicle sales. The United States EV market is almost singlehandedly being carried by the success of the Tesla Model 3 – alone responsible for almost half of all EV sales.15 As in Europe and China, United States car sales fell sharply in the first three months of 2020 as the pandemic took a toll on demand; job losses increased and large swathes of the population were ordered to stay home. While annual EV sales continue to grow in the U.S. market, the growth rate has slowed notably. Sources: doc_1, doc_15.",1.107,0.964,False,False,Comparable,ZEV regulations -[INCREASED_MODEL_AVAILABILITY]-> metric:ZEV states model availability: at least 13 more electric models | ZEV regulations -[ASSOCIATED_WITH]-> metric:ZEV states combined new EV share: 5% | United States -[CO_OCCURS_WITH]-> ZEV regulations | EV sales -[CO_OCCURS_WITH]-> ZEV regulations
How does public and workplace charging availability relate to EV uptake in top U.S. metropolitan areas?,"Charging infrastructure, EV adoption, United States",chromadb-tfidf,"This analysis also confirms that electric vehicle growth is linked to greater availability of public and workplace charging. Of the 200 most populous metropolitan areas, the ten with the highest uptake averaged a 10% electric share and 935 public chargers per million population. For workplace charging, the ten areas with the highest uptake averaged 430 workplace chargers per million population, while half of the U.S. population lives in an area with less than 10% of this leading benchmark. The top 11 metropolitan areas with the highest uptake had substantial consumer incentives ranging from $1,500 to more than $5,500. Sources: doc_1.","For workplace charging, the ten areas with the highest uptake averaged 430 workplace chargers per million population, while half of the U.S. population lives in an area with less than 10% of this leading benchmark. In contrast, half of the U.S. population lives in an area with just 20% of the public charging availability in those top-ten markets. One potential obstacle to greater EV adoption is the availability of public charging stations. The number of publicly accessible charging stations in the United States reached more than 60,000 in 2024, offering more than 162,000 charging ports, according to the Alternative Fueling Station Locator. Sources: doc_1, doc_30.",1.028,0.917,False,False,Comparable,Charging infrastructure -[CO_OCCURS_WITH]-> United States | Charging infrastructure -[CO_OCCURS_WITH]-> EV adoption | Charging infrastructure -[CO_OCCURS_WITH]-> Europe | Charging infrastructure -[CO_OCCURS_WITH]-> Consumer incentives
What consumer charging concerns could slow EV adoption according to the corpus?,EV adoption,chromadb-tfidf,"Other charging issues, including consumersâ lingering concerns about being able to charge as conveniently as they can fuel up today, could also slow the widespread adoption of EVs. Although EV adoption is slow in these areas, it's still important to have enough charging stations there. The most recent McKinsey Mobility Consumer Pulse Survey asked EV drivers and prospective buyers about their thoughts on charging, including their current satisfaction levels, major concerns, and what their ideal charging network would provide. (See sidebar, âAbout the survey,â for information on methodology.) The resulting insights can help EV industry stakeholders understand customer needs as they prioritize the technological and infrastructure investments required to keep the market strong and capture new opportunities. Charging Infrastructure Regulations: Adequate charging infrastructure is essential for EV adoption. Sources: doc_70, doc_30, doc_64.","Although EV adoption is slow in these areas, it's still important to have enough charging stations there. One potential obstacle to greater EV adoption is the availability of public charging stations. How can the charging infrastructure be built at a pace to sufficiently support an expected acceleration of EV adoption? These price adjustments and increased incentives have made EVs more accessible to consumers, contributing to a surge in EV adoption. Sources: doc_30.",0.964,0.679,False,False,Flat RAG better for this wording,Charging infrastructure -[CO_OCCURS_WITH]-> EV adoption | Consumer incentives -[CO_OCCURS_WITH]-> EV adoption | EV adoption -[CO_OCCURS_WITH]-> United States | China -[CO_OCCURS_WITH]-> EV adoption
"Which company surpassed Tesla as the largest EV producer, and where are Chinese EV brands expanding?","China, Tesla",chromadb-tfidf,"BYD is now the largest EV producer in the world, surpassing Tesla, and is expanding rapidly abroad.[15] Chinese brands are especially popular in emerging markets, such as Southeast Asia. The company has been responsible for imposing the “catfish effect” on the Chinese EV industry—meaning it’s forced Chinese brands to innovate and try to catch up with Tesla in everything from technology advancement to affordability. Some Chinese brands are building on their successes at home and entering new markets. For example, Thailand was the third largest recipient of Chinese EV exports by quantity in 2022. Sources: doc_7, doc_63.","For example, the single largest exporter from China is the American company Tesla. BYD is now the largest EV producer in the world, surpassing Tesla, and is expanding rapidly abroad.[15] Chinese brands are especially popular in emerging markets, such as Southeast Asia. For example, Tesla’s Gigafactory was granted a beneficial tax rate from the Shanghai government.[8] Other sectors that have benefitted from industrial policy in China have followed a pattern of overinvestment and overcapacity followed by intense competition, which eventually led to a more select number of firms emerging as global leaders. For example, the cost of a Model 3 Tesla in China fell by more than $4,500 since January and NIO lowered prices by $4,200 in June.[10] This competition also provides a further incentive for companies to internationalize and gain a foothold in new markets where competition is less intense. Sources: doc_15.",1.125,1.125,False,False,Comparable,BYD -[SURPASSED]-> Tesla | China -[CO_OCCURS_WITH]-> Tesla | BYD -[CO_OCCURS_WITH]-> Tesla | BYD -[CO_OCCURS_WITH]-> China
How does the Inflation Reduction Act connect to EV leasing incentives or battery investment?,"Inflation Reduction Act, Consumer incentives",chromadb-tfidf,"For instance, between the 2021 Infrastructure Investment and Jobs Act and the subsequent Inflation Reduction Act, the U.S. EDF also just released a separate analysis, Recent EV manufacturing investments in the U.S. ... (Washington, D.C. – March 12, 2024) A year and a half after the passage of the Inflation Reduction Act (IRA) accelerated the U.S. markets for electric vehicle and battery manufacturing, a new report by Environmental Defense Fund and WSP USA finds continued strong growth. Electric Vehicle Manufacturing Investments and Jobs: Characterizing the Impacts of the Inflation Reduction Act after 18 Months, finds that in the last nine years manufacturers have announced $188 billion in investments in electric vehicle and EV battery manufacturing in the U.S. and 195,000 direct EV-related U.S. jobs. As noted, between the 2021 Infrastructure Investment and Jobs Act and the subsequent Inflation Reduction Act, the U.S. Sources: doc_66, doc_6.","EDF also just released a separate analysis, Recent EV manufacturing investments in the U.S. ... (Washington, D.C. – March 12, 2024) A year and a half after the passage of the Inflation Reduction Act (IRA) accelerated the U.S. markets for electric vehicle and battery manufacturing, a new report by Environmental Defense Fund and WSP USA finds continued strong growth. Electric Vehicle Manufacturing Investments and Jobs: Characterizing the Impacts of the Inflation Reduction Act after 18 Months, finds that in the last nine years manufacturers have announced $188 billion in investments in electric vehicle and EV battery manufacturing in the U.S. and 195,000 direct EV-related U.S. jobs. With leasing, many buyers can qualify for the full $7,500 incentive the Inflation Reduction Act offers. The U.S. is the leader in energy transition with federal incentives such as the Inflation Reduction Act and strong truck and infrastructure incentive programs in states including California, New York, New Jersey, Colorado, and Washington. Sources: doc_20, doc_2.",0.806,0.917,False,False,Comparable,Inflation Reduction Act -[RELATED_TO]-> United States | Inflation Reduction Act -[CO_OCCURS_WITH]-> United States | Inflation Reduction Act -[RELATED_TO]-> Europe | Europe -[CO_OCCURS_WITH]-> Inflation Reduction Act
"How did Cadillac, Mercedes, BMW, Audi, and Ford perform in Q1 2024 EV sales relative to Tesla?","Mercedes-Benz, Cadillac, EV sales, Tesla, Ford, Audi, BMW",chromadb-tfidf,"Though the overall year-over-year growth was minimal in Q1, nine manufacturers recorded more than 50% year-over-year growth in EV sales – BMW, Cadillac, Ford, Hyundai, Kia, Lexus, Mercedes, Rivian and Vinfast. On the non-luxury side, Ford achieved an 86.1% year-over-year increase in Q1 EV sales with the second-highest EV sales volume behind Tesla. Cadillac achieved a 499.2% year-over-year increase in electric vehicle sales due to robust sales of its Lyriq model. At Mercedes, EV sales were up 66.9%. Sources: doc_2.","In 2023, BMW saw 12.5% of its total sales come from EVs, while Mercedes-Benz and Audi accounted for 11.4% and 11.0% of their brand sales, respectively. Hyundai-Kia overtook GM and Ford in 2023, and now accounts for 8% of US electric car sales, second only to Tesla. Traditional car makers such as Ford and BMW have recently released new EV car models to compete with specialty EV makers like Tesla. Tesla has become an important American innovator of EV and EV battery technology, while others such as Rivian and Lucid Technology have stepped into the game, along with traditional manufacturers such as Ford and General Motors (GM). Sources: doc_2, doc_15.",0.85,0.75,False,False,Comparable,BMW -[CO_OCCURS_WITH]-> Mercedes-Benz | Ford -[CO_OCCURS_WITH]-> Rivian | BMW -[CO_OCCURS_WITH]-> Hyundai | Ford -[CO_OCCURS_WITH]-> Hyundai
What is VinFast's relationship with Vingroup and Pham Nhat Vuong?,"Pham Nhat Vuong, Vingroup, VinFast",chromadb-tfidf,"Pham Nhat Vuong, and his associated companies intend to provide up to VND50 trillion (US$2.1 billion) in free grants to the Company and its subsidiaries through the end of 2026. VinFast's Founder and Chief Executive Officer, Mr. VinFast's Indian plant, with an annual capacity of 50,000 electric vehicles, is gearing up for equipment and machinery installation. For additional information, please visit https://vinfastauto.us/investor-relations Investor Relations Email: [email protected] About VinFast VinFast (NASDAQ: VFS), a subsidiary of Vingroup JSC, one of Vietnam's largest conglomerates, is a pure-play electric vehicle (""EV"") manufacturer with the mission of making EVs accessible to everyone. Sources: doc_13.","In addition, Vingroup Joint Stock Company intends for it and its subsidiaries (collectively ""Vingroup"") to provide VinFast's subsidiaries incorporated in Vietnam with up to VND35 trillion (US$1.5 billion) in loans through the end of 2026. Our overall liquidity position has been enhanced by the recently announced loans from Vingroup and grants from our Founder, whereby we expect to receive a potential of $3.5 billion injection by the end of 2026."" EV Deliveries Up 115%, Revenue Up 49.3% In the third quarter of 2024, VinFast delivered 21,912 electric vehicles. Vingroup has approved the plan for additional capital contributions to VFTP, a direct subsidiary of VinFast holding the Company's EV manufacturing business in Vietnam, by converting up to VND80 trillion (US$3.3 billion) of loans extended by Vingroup to VFTP into preference shares issued by VFTP. For additional information, please visit https://vinfastauto.us/investor-relations Investor Relations Email: [email protected] About VinFast VinFast (NASDAQ: VFS), a subsidiary of Vingroup JSC, one of Vietnam's largest conglomerates, is a pure-play electric vehicle (""EV"") manufacturer with the mission of making EVs accessible to everyone. Sources: doc_13.",1.083,0.583,False,False,Flat RAG better for this wording,"VinFast -[HAS_FUNDING]-> metric:VinFast funding: US$1.5 billion, 2026 | Vingroup -[HAS_FUNDING]-> metric:Vingroup funding: US$1.5 billion, 2026 | VinFast -[SUBSIDIARY_OF]-> Vingroup | VinFast -[CO_OCCURS_WITH]-> Vingroup"
"What are the main barriers to EV adoption mentioned across Deloitte, EPA, and McKinsey style sources?",EV adoption,chromadb-tfidf,"So, almost one out of every three new vehicle shoppers are very likely to consider an EV for their next vehicle purchase."" Yet a few core reasons have slowed the progress of EV adoption for US drivers – barriers that need solutions before American uptake can skyrocket as forecasted. For instance, the U.S. offers federal tax credits for EV buyers, while Norway exempts electric cars from most taxes, leading to one of the highest EV adoption rates in the world. Charging Infrastructure Regulations: Adequate charging infrastructure is essential for EV adoption. Work needs to be done globally to harmonize EV adoption and reverse polarization in poorer economies. Sources: doc_35, doc_64, doc_54.","Download Update on electric vehicle adoption across U.S. cities August 31, 2020 The surge of electric vehicles in United States cities June 10, 2019 Join our mailing list to keep up with ICCT’s latest research and analysis. In the U.S., on the surface it looks like EV adoption continued to progress, with new sales penetration rising close to ~8%. Electric Power System (pdf) (706 KB, November 2019); and DOE, Electric Vehicles at Scale – Phase I Analysis: High EV Adoption Impacts on the Western U.S. Although EV adoption is slow in these areas, it's still important to have enough charging stations there. Sources: doc_1, doc_30.",0.583,0.472,False,False,Comparable,EV adoption -[CO_OCCURS_WITH]-> United States | Charging infrastructure -[CO_OCCURS_WITH]-> EV adoption | China -[CO_OCCURS_WITH]-> EV adoption | EV adoption -[CO_OCCURS_WITH]-> Europe
Why is Germany's EV charging infrastructure investment significant for consumer sentiment?,"Charging infrastructure, Germany",chromadb-tfidf,"As part of a $146 billion economic recovery plan, Germany has designated $2.8 billion to EV charging infrastructure and announced new legislation that will oblige all fuel stations to have an EV charging point.19 This is significant progress in a country where driving range and lack of charging infrastructure are the two biggest barriers for consumers. China has made similar commitments, announcing an additional $378 million investment in charging infrastructure as part of a COVID-19 recovery plan.20 Government intervention continues to play an important role in driving EV sales, as shown by the successes in Norway, fluctuating sales in the Netherlands and changing fortunes of the Chinese EV market.21 Not only are there economic benefits for states that support a transition to electric, but the positive environmental impact has made the widespread adoption of EVs a necessary step toward achieving climate-change goals, such as those of the 2015 Paris Agreement. Measures that governments take in their COVID-19 recovery plans could also affect consumer sentiment. Consumer sentiment surrounding EVs seems to be at a tipping point as well. Sources: doc_9, doc_28, doc_48.","Yet, they have also benefitted from less injurious (to foreign competitors) forms of government support, including world-leading levels of public research and development (R&D) investment in EVs, proactive government procurement policies, aggressive deployment of electric charging infrastructure, and consumer incentives to purchase EVs (such as free vehicle licenses or exemptions from roadway restrictions). China has made similar commitments, announcing an additional $378 million investment in charging infrastructure as part of a COVID-19 recovery plan.20 Government intervention continues to play an important role in driving EV sales, as shown by the successes in Norway, fluctuating sales in the Netherlands and changing fortunes of the Chinese EV market.21 Not only are there economic benefits for states that support a transition to electric, but the positive environmental impact has made the widespread adoption of EVs a necessary step toward achieving climate-change goals, such as those of the 2015 Paris Agreement. As part of a $146 billion economic recovery plan, Germany has designated $2.8 billion to EV charging infrastructure and announced new legislation that will oblige all fuel stations to have an EV charging point.19 This is significant progress in a country where driving range and lack of charging infrastructure are the two biggest barriers for consumers. BYD featured electric buses as its entry product into North American markets [and they] are now also prevalent in South American markets.[143] A later section of this report, which examines China’s government policies supporting the EV sector, explores the critical role the Chinese government played in driving the rollout of the EV charging infrastructure that built Chinese consumer confidence in the EV market. Sources: doc_28, doc_16, doc_43.",1.107,0.964,False,False,Comparable,Charging infrastructure -[CO_OCCURS_WITH]-> Consumer incentives | Charging infrastructure -[CO_OCCURS_WITH]-> China | Charging infrastructure -[CO_OCCURS_WITH]-> Germany | Charging infrastructure -[CO_OCCURS_WITH]-> EV sales
How did Polestar describe its strategic partners and major EV business risks?,Polestar,chromadb-tfidf,"Furthermore, Polestar relies on its strategic partners and suppliers for the provision and development of many of the key components, technology and materials used in its vehicles. To the extent Polestar’s strategic partners or suppliers experience any delays or capacity constraints in providing Polestar with or developing necessary components, technology and materials, Polestar could experience delays in delivering on its timelines. However, if Polestar overestimates its requirements, its strategic partners or suppliers may have excess manufacturing capacity and/or inventory, which would indirectly increase Polestar’s costs as Polestar may pay for production capacities that it reserved but will not be able to use, negatively impacting its gross margins and potentially affecting when Polestar will become profitable. To the extent Polestar underestimates demand for its vehicles, Polestar’s strategic partners and suppliers may have inadequate manufacturing capacity and/or inventory, resulting in the interruption of manufacturing of Polestar’s products and possible delays in shipments and revenues. Sources: doc_12.","Polestar employs an asset-light business model that utilizes contract manufacturing and supply arrangements primarily with Volvo Cars and Geely. If Polestar’s partners are unable to deliver necessary components of Polestar’s products on schedule or at quality levels and volumes acceptable to Polestar, or if Volvo Cars and Geely experience manufacturing delays beyond Polestar’s control, the production of Polestar’s vehicles could be delayed. After giving effect to the $200 million increase in available borrowings under the credit facility with Volvo Cars and entry into the new $250 million credit facility with Geely Sweden Automotive Investment AB and existing financing and liquidity support from Geely Holding and Volvo Cars, Polestar estimates that approximately $1.3 billion in incremental external funding will be required to fund its current business plan through the end of fiscal year 2025. Polestar recently entered into a joint venture agreement with the technology company Xingji Meizu Group (“Xingji Meizu”) and may enter into other joint ventures or other strategic partnerships in the future. Sources: doc_12.",0.679,0.821,False,False,Comparable,"Geely -[CO_OCCURS_WITH]-> Polestar | Polestar -[HAS_FUNDING]-> metric:Polestar funding: $200 million, $250 million, $1.3 billion | Polestar -[CO_OCCURS_WITH]-> Volvo Cars | Polestar -[CO_OCCURS_WITH]-> Xingji Meizu"
What first-quarter 2024 themes were reported for Zeekr?,Zeekr,chromadb-tfidf,"About ZEEKR ZEEKR is a fast-growing intelligent BEV technology company. Incorporated in March 2021, ZEEKR has focused on innovative BEV architecture, hardware, software, and the application of new technologies. Its current product portfolio primarily includes ZEEKR 001, a five-seater, cross-over shooting brake; ZEEKR 001 FR, its latest cross-over shooting brake; ZEEKR 009, a luxury six-seater MPV; ZEEKR 009 Grand, a four-seat deluxe version of ZEEKR 009; ZEEKR X, a compact SUV, and an upscale sedan model. New Model Launches In February 2024, the Company launched the all-new ZEEKR 001 2024 model, a five-seater, cross-over shooting brake, and started deliveries in March 2024. Sources: doc_14.","New Model Launches In February 2024, the Company launched the all-new ZEEKR 001 2024 model, a five-seater, cross-over shooting brake, and started deliveries in March 2024. In April 2024, the Company launched the ZEEKR 009 Grand, a deluxe version of the ZEEKR 009, and started deliveries in May 2024. Given these strengths and the strategic advantages and synergies we derive from our parent company, Geely Group, ZEEKR is well-positioned to drive sustainable, global growth."" ""We delivered robust results across the board for the first quarter of 2024, with total revenues rising by 71.0% and gross profit surging by 154.9% year-over-year,"" added Mr. HANGZHOU, China, June 11, 2024 /PRNewswire/ -- ZEEKR Intelligent Technology Holding Limited (""ZEEKR"" or the ""Company"") (NYSE: ZK), a fast-growing intelligent battery electric vehicle (""BEV"") technology company, today announced its unaudited financial results for the first quarter ended March 31, 2024. Sources: doc_14.",0.5,0.5,False,False,Comparable,"Zeekr -[REPORTED_REVENUE]-> metric:Zeekr revenue: 71.0%, 154.9%, 2024 | Zeekr -[DELIVERED]-> metric:Zeekr deliveries: 2024, 001, 2024 | Zeekr -[DELIVERED]-> metric:Zeekr deliveries: 2024, 009, 009 | Zeekr -[DELIVERED]-> metric:Zeekr deliveries: 71.0%, 154.9%, 2024"
What did Nikola report in first-quarter 2023 results?,Nikola,chromadb-tfidf,"NVIDIA Announces Financial Results for First Quarter Fiscal 2025 ... However, lower prices did not generate higher volume. Most of these automakers sold more EVs in Q2 or Q3 2023 than in any other quarter in the chart, and each company except Ford sold more EVs in the first three quarters of 2023 than they did in all of 2022. Furthermore, each company shown sold more EVs in Q3 2023 than they did in Q3 2022. Sources: doc_11, doc_2, doc_36.","First, many companies raise capital through an initial public offering (IPO) or merge with SPACs (buy an blank-check company to go public with less paperwork and overhead) with no revenue and then have their stocks explode for multiple months after, such as electric truck maker Nikola, which had a valuation of US$34 billion in June. Pilot fleets include Biagi Bros, Walmart, Linde, and AJR Trucking, a leading carrier for the United States Postal Service.Nikola Tre Battery Electric CommercializationDuring the first quarter, we produced 63 Tre battery electric trucks and delivered 31 to dealers. As such, we are selling our stake in the European manufacturing joint venture to Iveco Group in exchange for $35 million cash consideration and 20.6 million shares of Nikola common stock that will be returned to us by Iveco. The report forecasts global battery electric vehicle (BEV) volume will grow a modest 12% this year, with regional growth ranging from –1% in Europe to +6% in China and +26% in the U.S. Sources: doc_24, doc_15, doc_12.",0.65,0.65,False,False,Comparable,Nikola -[REPORTED_REVENUE]-> metric:Nikola revenue: US$34 billion | Nikola -[CO_OCCURS_WITH]-> United States | Europe -[CO_OCCURS_WITH]-> Nikola | Lucid -[CO_OCCURS_WITH]-> Nikola
"What investment level did U.S. EV investments reach, and what does that imply for the sector?",United States,chromadb-tfidf,"Descriptions of, references to, or links to products or publications within any linked web site does not imply endorsement of that product or publication by Russell Investments. Neither Russell Investments nor its affiliates are responsible for investment decisions made with respect to such investments or for the accuracy or completeness of information about such investments. However, the investment process can be more complex as it sometimes requires investments in limited partnerships. Consider consulting with your financial professional to determine whether targeted investments in the energy sector can help you meet your long-term financial goals. Sources: doc_59, doc_53.","EDF also just released a separate analysis, Recent EV manufacturing investments in the U.S. ... (Washington, D.C. – March 12, 2024) A year and a half after the passage of the Inflation Reduction Act (IRA) accelerated the U.S. markets for electric vehicle and battery manufacturing, a new report by Environmental Defense Fund and WSP USA finds continued strong growth. Electric Vehicle Manufacturing Investments and Jobs: Characterizing the Impacts of the Inflation Reduction Act after 18 Months, finds that in the last nine years manufacturers have announced $188 billion in investments in electric vehicle and EV battery manufacturing in the U.S. and 195,000 direct EV-related U.S. jobs. US EV market share for new vehicles is likely to reach 30% or more by 2030, at which point the total number of EVs in operation could reach 26.4 million. According to some industry insiders, production in China may mean up to $10,000 in savings.[13] In 2022, battery pack prices were 24 percent lower in China than in the United States.[14] Second, many multinationals operating in China have built up extensive manufacturing capacity in the country but have lost market share in recent years due to competition with Chinese brands. Sources: doc_20, doc_28.",0.875,0.5,False,False,Flat RAG better for this wording,Inflation Reduction Act -[RELATED_TO]-> United States | Inflation Reduction Act -[CO_OCCURS_WITH]-> United States | Market share -[CO_OCCURS_WITH]-> United States | China -[CO_OCCURS_WITH]-> United States
How are Chinese battery companies investing in Europe and the United States?,"United States, China, Europe",chromadb-tfidf,"The expansion of battery companies was so significant that it was the driver of growth in greenfield investment from China into Europe in 2022.[22] The United States has also become a destination for Chinese battery companies since the passing of the IRA, most notably the CATL-Ford collaboration and the planned Gotion factory in Michigan. Europe has been the biggest recipient of these investments, with multiple battery companies investing or planning to invest in several countries in the region. Chinese battery manufacturers have expanded internationally far more quickly than EV manufacturers because they supply multinationals as well as Chinese companies.[21] The battery industry is also more concentrated than the automotive one, and some players like CATL have expanded rapidly as demand soars. But while others were ditching LFP technology, a few Chinese battery companies, like Contemporary Amperex Technology Co. Sources: doc_7, doc_63.","According to some industry insiders, production in China may mean up to $10,000 in savings.[13] In 2022, battery pack prices were 24 percent lower in China than in the United States.[14] Second, many multinationals operating in China have built up extensive manufacturing capacity in the country but have lost market share in recent years due to competition with Chinese brands. Chinese battery manufacturers have expanded internationally far more quickly than EV manufacturers because they supply multinationals as well as Chinese companies.[21] The battery industry is also more concentrated than the automotive one, and some players like CATL have expanded rapidly as demand soars. We forecast China to achieve a domestic market share of around 48 per cent by 2030 – almost double that of the United States (27 per cent), and Europe should achieve 42 per cent. The report forecasts global battery electric vehicle (BEV) volume will grow a modest 12% this year, with regional growth ranging from –1% in Europe to +6% in China and +26% in the U.S. Sources: doc_28, doc_25, doc_12.",1.25,1.107,False,False,Comparable,Inflation Reduction Act -[RELATED_TO]-> China | Inflation Reduction Act -[RELATED_TO]-> United States | CATL -[CO_OCCURS_WITH]-> China | China -[CO_OCCURS_WITH]-> Ford
What does the EPA say about battery manufacturing emissions versus lifetime EV emissions?,Battery range,chromadb-tfidf,"While investments that are already committed today tend to be more heavily geared towards battery than to EV manufacturing, it is important to note that battery manufacturing and EV expansion plans typically go hand in hand, often being situated close to demand centres to create integrated supply chains. In addition, if committed EV battery manufacturing capacity outpaces demand from EV manufacturers, it is unlikely that it would find alternative outlets, as other key battery markets such as consumer electronics are already well supplied and have different technical specifications. Failure to deliver on EV manufacturing capacity and sales therefore creates a risk of massive sunk investment in battery manufacturing, if manufacturers are unable to export significant quantities. Emissions will vary based on assumptions about the specific vehicles being compared, EV battery size and chemistry, vehicle lifetimes, and the electricity grid used to recharge the EV, among other factors. Sources: doc_18, doc_8.","As with charge point availability, 42 percent of hesitant EV buyers state that they will not purchase an EV until battery capacity and driving range improve. In the US where the market demands longer-range vehicles than others, the average battery capacity has been 43% higher than that of Europe and 71% higher than in China where electric vehicles are used within cities and require much shorter range. Driving range has remained the number-one concern in Germany, and became number one in France, but there are now fewer consumers citing it as a concern in those two markets. As part of a $146 billion economic recovery plan, Germany has designated $2.8 billion to EV charging infrastructure and announced new legislation that will oblige all fuel stations to have an EV charging point.19 This is significant progress in a country where driving range and lack of charging infrastructure are the two biggest barriers for consumers. Sources: doc_28, doc_15.",0.625,0.375,False,False,Flat RAG better for this wording,Battery range -[CO_OCCURS_WITH]-> Germany | Battery range -[CO_OCCURS_WITH]-> Charging infrastructure | Battery range -[CO_OCCURS_WITH]-> China | BMW -[CO_OCCURS_WITH]-> Battery range
How does the Bipartisan Infrastructure Law address EV charging concerns?,Bipartisan Infrastructure Law,chromadb-tfidf,"Access to EV charging will increase significantly in the coming years as a result of government initiatives put in place as part of the Bipartisan Infrastructure Law, including an investment of up to $7.5 billion to build out a national network of electric vehicle chargers along highways, and in communities and neighborhoods. The most recent McKinsey Mobility Consumer Pulse Survey asked EV drivers and prospective buyers about their thoughts on charging, including their current satisfaction levels, major concerns, and what their ideal charging network would provide. (See sidebar, âAbout the survey,â for information on methodology.) The resulting insights can help EV industry stakeholders understand customer needs as they prioritize the technological and infrastructure investments required to keep the market strong and capture new opportunities. Several automakers have said that concerns about driving range and charging infrastructure are increasing. Despite their concerns over the ease of charging, especially on long trips, consumers are opening up to the prospect of purchasing EVs. Sources: doc_8, doc_70, doc_40, doc_48.","Access to EV charging will increase significantly in the coming years as a result of government initiatives put in place as part of the Bipartisan Infrastructure Law, including an investment of up to $7.5 billion to build out a national network of electric vehicle chargers along highways, and in communities and neighborhoods. The top three concerns that discourage most buyers from purchasing an EV include ""limited driving range,"" ""lack of charging infrastructure,"" and ""high purchase cost."" In Germany, the main concern among potential EV buyers is the ""limited driving range"" (61%), which is also known as ""range anxiety."" The second biggest concern is the ""lack of charging infrastructure"" (58%). Several automakers have said that concerns about driving range and charging infrastructure are increasing. As part of a $146 billion economic recovery plan, Germany has designated $2.8 billion to EV charging infrastructure and announced new legislation that will oblige all fuel stations to have an EV charging point.19 This is significant progress in a country where driving range and lack of charging infrastructure are the two biggest barriers for consumers. Sources: doc_8, doc_16, doc_28.",0.964,0.964,False,False,Comparable,Bipartisan Infrastructure Law -[FUNDS]-> metric:Bipartisan Infrastructure Law charger investment: up to $7.5 billion | Bipartisan Infrastructure Law -[CO_OCCURS_WITH]-> Charging infrastructure | Charging infrastructure -[CO_OCCURS_WITH]-> Germany | Battery range -[CO_OCCURS_WITH]-> Charging infrastructure
What does Goldman Sachs say about why EV sales are slowing?,EV sales,chromadb-tfidf,"Some 17% say they are extremely or very confident this will happen, while 30% are somewhat confident. Republicans and GOP leaners are especially likely to doubt that the U.S. will build the charging stations and infrastructure needed to support EVs: 74% say they have not too much or no confidence at all in this. By comparison, 34% of Democrats and Democratic leaners say the same. Cadillac achieved a 499.2% year-over-year increase in electric vehicle sales due to robust sales of its Lyriq model. Sources: doc_44, doc_2.","In the first four months of 2020, in the European Union (EU), demand for new passenger cars contracted by 38.5 per cent, but in April 2020 – the first full month with COVID-19 restrictions in place – registrations of new passenger cars in the EU posted a year-on-year decline of 76.3 per cent, with some major markets reporting declines of over 95 per cent year-on-year.7 But EV sales in Western Europe only fell by 31 per cent in April, with some countries actually reporting modest year-on-year growth – albeit against a low base.8 China continues to dominate the EV market, accounting for half of all vehicle sales. China’s slowdown in the second half of 2019 affected global EV sales figures, but neither the slashed subsidies nor the impact of COVID-19 should impact EV sales significantly in the long term. As a result of the COVID-19 pandemic and lockdown measures in place, China saw a 45 per cent decline in passenger car sales in Q1 2020.12 EV sales fell at a faster rate than the total market (by 56 per cent), as consumers stayed home and showrooms closed their doors.13 But the rate of recovery has been swift. This brings hope for a ‘V-shaped’ recovery in China, with many individual EV manufacturers already benefitting from the release of new models.14 After an encouraging start to 2019, falling fuel prices in the United States (a market that already enjoys comparatively cheap private transportation) led to a disappointing second half of the year for EV sales. Sources: doc_26.",0.583,0.417,False,False,Comparable,China -[CO_OCCURS_WITH]-> EV sales | EV sales -[CO_OCCURS_WITH]-> United States | EV sales -[CO_OCCURS_WITH]-> Tesla | EV sales -[CO_OCCURS_WITH]-> Europe
How do dealer sentiment reports describe uncertainty in the EV and auto market?,Dealer sentiment,chromadb-tfidf,"Dealers' #1 source for auto industry news, content, coaching & analysis Economic conditions, high interest rates, and political uncertainty were the top factors restraining dealer performance The latest Q3 2024 Cox Automotive Dealer Sentiment Index (CADSI) reveals that U.S. automobile dealers view the market as increasingly weak, with the overall sentiment score dropping to 40, down from 42 in Q2 and 45 last year. Automobile Dealer Sentiment Index: As Market Uncertainty ... The latest Cox Automotive Dealer Sentiment Index (CADSI) remained stable from Q1 to Q2 2024 despite dealer uncertainty in the market and economy. Monday June 10, 2024 ATLANTA, June 10, 2024 – The latest Cox Automotive Dealer Sentiment Index (CADSI) remained stable from Q1 to Q2 2024 despite dealer uncertainty in the market and economy. Sources: doc_34, doc_21.","Dealers' #1 source for auto industry news, content, coaching & analysis Economic conditions, high interest rates, and political uncertainty were the top factors restraining dealer performance The latest Q3 2024 Cox Automotive Dealer Sentiment Index (CADSI) reveals that U.S. automobile dealers view the market as increasingly weak, with the overall sentiment score dropping to 40, down from 42 in Q2 and 45 last year. The latest Cox Automotive Dealer Sentiment Index (CADSI) remained stable from Q1 to Q2 2024 despite dealer uncertainty in the market and economy. Monday June 10, 2024 ATLANTA, June 10, 2024 – The latest Cox Automotive Dealer Sentiment Index (CADSI) remained stable from Q1 to Q2 2024 despite dealer uncertainty in the market and economy. Cox Automotive Dealer Sentiment Index MethodologyDerived from a quarterly survey that Cox Automotive issues to a representative sample of franchised and independent auto dealers from around the country, the Dealer Sentiment Index measures dealer perceptions of current retail auto sales and sales expectations for the next three months as “strong,” “average,” or “weak.” The survey also asks dealers to rate new-car sales and used-car sales separately, along with various key drivers, including consumer traffic. Sources: doc_23, doc_21.",1.083,1.083,False,False,Comparable,Cox Automotive -[CO_OCCURS_WITH]-> Dealer sentiment | Dealer sentiment -[CO_OCCURS_WITH]-> United States | Cox Automotive -[CO_OCCURS_WITH]-> United States | Germany -[CO_OCCURS_WITH]-> United States
